identifier,backtracks,propagations,duration,constraint_size,assignment_size,satisfied
19,17,57,166.34528374671936,126,4096,True
22,18,61,164.5690643787384,126,4096,True
23,156,340,166.03645157814026,126,4096,True
24,248,522,168.96901512145996,126,4096,True
26,862,1757,168.951642036438,126,4096,True
27,400,831,172.91080927848816,106,4096,True
28,51,116,164.1335973739624,126,4096,True
