identifier,backtracks,propagations,duration,constraint_size,assignment_size,satisfied
19,17,55,160.21964025497437,126,4096,True
22,39,99,202.11372256278992,126,4096,True
23,128,279,160.46786427497864,126,4096,True
24,296,628,161.86013388633728,126,4096,True
26,672,1378,161.6749610900879,126,4096,True
27,4417,8867,208.03110265731812,106,4096,True
28,27,72,156.54930233955383,126,4096,True
